1,2,3,4,5
1,1,1,6038.47831314853,4497.73913870824
1,2,1,5324.46963490138,6499.92829771989
1,3,1,6181.85488637508,4617.84712616882
1,4,1,6314.57509879562,5962.2533864125
1,5,1,5668.18586245325,3720.68672380392
1,6,1,6554.74245829983,4643.21358030063
1,7,1,6174.93313013532,3520.7001472603
1,8,1,6076.47742954895,5676.18283282602
1,9,1,5497.51931508656,4890.66678071494
1,10,1,6551.10875536734,4385.80310489358
1,11,1,5940.26961447213,3543.25113895756
1,12,1,6279.80882546264,6866.03457915259
1,13,1,5997.0576406101,6589.84249366868
1,14,1,6098.15904999908,4117.9776832332
1,15,1,5949.68066841791,6595.65978056943
1,16,1,4889.95993507578,4301.99088381262
1,17,1,6313.84579624028,7932.02924239243
1,18,1,5744.5881165614,8777.31423820683
1,19,1,5896.11459938738,6432.9349369882
1,20,1,5645.68228931785,3283.76272809341
1,21,1,7007.87436882281,4528.2563082734
1,22,1,7516.0247874374,7147.00768255324
1,23,1,5540.14500978395,5308.59208458219
1,24,1,5343.2915084273,7285.31622338096
1,25,1,5340.78464658633,3210.51861527417
1,26,1,4567.54775683372,6030.61015997714
1,27,1,7335.05546405706,5127.15668901209
1,28,1,5505.29136773596,3474.04420671641
1,29,1,5637.53676466605,6284.61928252024
1,30,1,6284.12159277389,7453.01566926777
1,31,1,5453.64346445257,7298.3757067254
1,32,1,6485.00434523171,7638.93352859263
1,33,1,5613.9694975335,3590.52433383644
1,34,1,6320.84806989982,3666.08655095011
1,35,1,5669.43736080778,3652.90457168775
1,36,1,6652.52057350932,5702.29061375216
1,37,1,6221.63777166086,4221.86788877165
1,38,1,6909.49112966331,6980.1332717128
1,39,1,6297.66174471475,5956.00826124165
1,40,1,4745.73812175308,4375.52842012861
1,41,1,6455.07441370972,6517.11487196772
1,42,1,6770.62615059571,4713.73336749335
1,43,1,4891.83093895655,7295.57978290322
1,44,1,5375.48093242663,4129.67409450326
1,45,1,5729.8132664273,3622.17271672604
1,46,1,7001.33451512708,5353.77598104828
1,47,1,5864.1898900041,8193.58747442625
1,48,1,5526.02984722674,3999.52418688316
1,49,1,6413.36203013793,8173.11105242781
1,50,1,6221.40859772663,4288.35731244183
1,51,1,7085.89442759087,5444.34602109334
1,52,1,6494.13257666763,3966.77732685194
1,53,1,6928.39111727663,3323.69242999259
1,54,1,5198.58399019812,3734.72164975822
1,55,1,6381.28157890943,7675.84899879373
1,56,1,5556.54478717757,6689.64161648197
1,57,1,7172.34769160608,5646.20601962465
1,58,1,5195.99197911555,5931.47241586957
1,59,1,7385.70294615402,3648.25827044572
1,60,1,6128.84980646783,4006.2018971738
1,61,1,5353.97995286953,4587.81509252828
1,62,1,5608.82046980246,8143.65771515988
1,63,1,5817.12044716771,4280.76016844098
1,64,1,5788.35063960245,3516.86528401617
1,65,1,6215.67466240699,6661.5357790472
1,66,1,7116.75705143312,5437.49812568408
1,67,1,5596.41096910659,4138.1497498455
1,68,1,6014.20061237423,4328.26056802607
1,69,1,6359.65369862614,3799.55620996827
1,70,1,6398.15770207407,7466.2693713176
1,71,1,5387.03494349623,6351.37816384292
1,72,1,6864.23065379893,6636.9014547721
1,73,1,6533.4567058226,3483.27074812035
1,74,1,5678.10607138713,8159.28680494832
1,75,1,5832.6715135279,5551.04888436612
1,76,1,5990.61301607416,3202.9330228031
1,77,1,6336.16964025901,6454.92495376099
1,78,1,6651.52798509663,5688.88132544648
1,79,1,5026.66966363615,5318.24649833274
1,80,1,6538.24608250172,5648.48782158803
1,81,1,5731.89726614235,3852.97044524134
1,82,1,6346.35482540326,4840.28669732243
1,83,1,6385.23149503135,5430.16800139783
1,84,1,6567.17475977286,4279.81853549118
1,85,1,7926.5056098299,4350.10265421403
1,86,1,5502.4897398467,8131.77352323434
1,87,1,5784.21998859317,4502.54184117853
1,88,1,4865.50472970012,6232.36450271392
1,89,1,5694.39482003692,4574.76569162566
1,90,1,5592.21732182837,7042.72158602781
1,91,1,6313.70480370529,4819.47958084761
1,92,1,6764.87112403932,6113.68499590078
1,93,1,5559.54498751797,3076.89149878257
1,94,1,5702.5149690269,4573.81461501424
1,95,1,6778.54931654747,3474.93922414891
1,96,1,7409.04420149363,3274.84764445839
1,97,1,5329.48918210044,3678.84771924103
1,98,1,5744.63637530437,6276.37043339968
1,99,1,5860.23095857602,8661.37922118632
1,100,1,5798.29989168041,6858.48550977737
1,101,1,5214.90300169819,8402.38692956316
1,102,1,7794.57772308897,7250.12306111094
1,103,1,5835.67184082647,3190.54022434324
1,104,1,5034.47597306802,6355.61300825591
1,105,1,6094.29769974233,4552.85378765681
1,106,1,6398.37534892716,6894.96819361202
1,107,1,7829.57729788363,6241.41443635453
1,108,1,4757.25215916365,5334.78472092144
1,109,1,4152.54536349759,5632.91748913139
1,110,1,6309.79505243493,6910.48065153329
1,111,1,6022.54771409529,8022.95574316648
1,112,1,7113.85280693326,5645.8483056161
1,113,1,5241.6217819685,6314.52001882495
1,114,1,5820.50242077983,8221.60743738686
1,115,1,7583.24826774241,8625.27408752668
1,116,1,5707.64716333654,3945.03492169043
1,117,1,7466.69966897309,3403.03200263261
1,118,1,5496.67355068106,5870.37694607509
1,119,1,6223.99550566956,5139.08840919179
1,120,1,5781.30973033489,5732.04455525783
1,121,1,5713.53315692761,3570.22428169478
1,122,1,5963.56741010152,3299.38496635764
1,123,1,6375.48073132476,4324.17939734819
1,124,1,4955.73214651594,3563.7488297755
1,125,1,6390.22356868841,3424.76218780705
1,126,1,6090.18882248669,5715.62595553074
1,127,1,5853.44186256065,4016.903934202
1,128,1,4835.40469679973,4172.91667249744
1,129,1,6364.41033113536,4680.3347676474
1,130,1,5459.52515639379,8226.52097587717
1,131,1,7353.92031763992,3882.4692548018
1,132,1,5479.78294086563,4648.26138153505
1,133,1,5207.61483162834,4113.59323522168
1,134,1,6795.23176729243,6507.29432260413
1,135,1,4831.11719950368,6898.45530729133
1,136,1,5751.4206503731,5553.33015068368
1,137,1,6407.67679018515,5172.41536129694
1,138,1,5078.8877977439,5658.29368933819
1,139,1,5949.9667632478,7495.25319822292
1,140,1,6369.38331856794,6779.04805105155
1,141,1,6584.12330380451,6334.9415520195
1,142,1,6630.03810439146,4036.21911448228
1,143,1,6496.16993039423,4702.49088603389
1,144,1,5687.27336224748,3431.50612912427
1,145,1,5855.4126643282,6047.05073074573
1,146,1,5947.08031059913,6777.30527595771
1,147,1,6060.04860486104,5711.39103481427
1,148,1,6076.29174228482,6424.53703070205
1,149,1,6834.67691765794,6379.14402974041
1,150,1,6945.93854780647,4389.9613563001
1,151,1,5783.20303371215,7589.13186982178
1,152,1,6707.07820409413,5604.97734854785
1,153,1,6176.98642693406,6636.28865811493
1,154,1,5499.22699435985,5148.86416987493
1,155,1,7552.22328727951,5257.6201687444
1,156,1,4230.36178252227,7411.19010700096
1,157,1,6170.10575110419,4787.2206667762
1,158,1,6411.79956496788,4020.59851182836
1,159,1,5582.06441867912,5194.53970725649
1,160,1,6566.0965560313,4245.96125651896
1,161,1,7418.41292116179,7661.6917047398
1,162,1,5642.80091836247,4239.7838233271
1,163,1,7602.47563060811,4470.4659240127
1,164,1,6423.77643249717,6756.73852732972
1,165,1,6039.65106905897,6383.76347211902
1,166,1,6025.81913212289,6285.07664423912
1,167,1,7815.20242297534,7527.56358100236
1,168,1,7408.456725316,6695.02031433319
1,169,1,6570.74338769805,4245.94125223333
1,170,1,5649.40145952132,3511.95905099058
1,171,1,6318.08402919077,4451.6276723986
1,172,1,6171.56004771775,5998.10631368617
1,173,1,6741.27830221148,7781.34240967794
1,174,1,5296.29099825076,6833.64278781999
1,175,1,5843.26315919819,5498.684633364
1,176,1,6289.57073296312,4431.47113551063
1,177,1,6318.95220293547,3162.80349284682
1,178,1,7246.81842794201,4027.29439723819
1,179,1,7212.24112347696,4866.77709576704
1,180,1,5156.08919954757,5056.32974063129
1,181,1,6185.78978949543,7212.71749332563
1,182,1,5570.28799608712,5933.92268397412
1,183,1,6680.75007133506,4809.64780647905
1,184,1,5673.77598195494,4939.16530260963
1,185,1,6319.41060651805,5694.75433354491
1,186,1,5325.64113938016,6425.37296165921
1,187,1,5558.65992868807,4494.32600848471
1,188,1,6934.62136419172,5566.74701659085
1,189,1,6055.62062595255,5099.39358186189
1,190,1,6506.23590002121,5136.34189931315
1,191,1,5437.06643065203,5274.01590971582
1,192,1,6081.33365948507,6749.42963454602
1,193,1,4068.76827448982,6761.10245469473
1,194,1,5664.07140915174,5258.21744450756
1,195,1,5944.60335797954,6420.74155452506
1,196,1,6508.7481392036,3651.62552106461
1,197,1,6353.78990461755,5039.53802201118
1,198,1,4415.58616518923,5132.50652424721
1,199,1,6119.61857092129,4107.09987983207
1,200,1,5533.22316972844,4165.67749832553
1,201,1,5705.99960616797,7841.62301269343
1,202,1,4308.0484274657,6725.52982567611
1,203,1,5119.56077604623,3266.48802877769
1,204,1,4712.78107187238,3188.98620863286
1,205,1,4764.34548938542,5400.41983469555
1,206,1,6177.09521335684,7019.21204750402
1,207,1,6135.63362772186,8547.01812387122
1,208,1,6940.24179548558,6200.82447110472
1,209,1,6648.4181495712,5403.20637561172
1,210,1,5238.93759788185,3782.83203006346
1,211,1,6864.58449404833,4614.41281932524
1,212,1,5595.8890171023,5837.24338577579
1,213,1,6128.63605272488,4850.25697824517
1,214,1,5291.47026929823,4861.66652003562
1,215,1,7977.8167672866,4103.66619349658
1,216,1,5829.50429281817,8862.76343516871
1,217,1,4046.69898246752,8539.89283301743
1,218,1,6364.0896986369,3056.00268625845
1,219,1,5891.57498048422,5338.11752783776
1,220,1,6901.63095063916,4485.65390502331
1,221,1,6666.37047982329,4997.4864890148
1,222,1,6663.47158121042,8521.83675516752
1,223,1,6364.26163533306,6833.39392543479
1,224,1,4410.31316057056,5541.22112551911
1,225,1,5796.24206427005,4613.46456182344
1,226,1,5983.637584881,6570.73559902932
1,227,1,6910.06091106581,4067.95538351529
1,228,1,6730.0359274127,3839.32894877097
1,229,1,6307.20754079136,5733.78978470446
1,230,1,7715.65804548792,5645.16561726434
1,231,1,6541.56807121759,3945.50870334224
1,232,1,5967.04223654283,4655.5087855517
1,233,1,6127.93873476685,6292.53182475354
1,234,1,5268.11832672027,3999.89707332555
1,235,1,6692.97937430503,5472.07311131202
1,236,1,4700.49316471451,5824.65760322495
1,237,1,6088.34799756173,5397.67852060188
1,238,1,6563.97972819974,5856.99872684351
1,239,1,6843.55701855463,4046.85273704221
1,240,1,6498.94691394291,5810.98798126075
1,241,1,7096.74531637038,4740.96882085075
1,242,1,6825.38296000615,6202.41373748302
1,243,1,4100.17758173877,4818.82130862363
1,244,1,6682.80734326867,4873.08763438082
1,245,1,6138.44511371709,7684.29840171801
1,246,1,5535.1498395312,4275.82007427736
1,247,1,6140.76933742819,3045.5558814816
1,248,1,4502.47268182034,7980.33337281814
1,249,1,5952.51785438359,5351.8553571945
1,250,1,5789.14862079894,4680.9810225283
1,251,1,7515.10783300521,8885.76972149916
1,252,1,4994.75312997077,7859.67300898723
1,253,1,6699.90792241508,6096.51028271903
1,254,1,6802.92696692569,3735.24988078373
1,255,1,6071.21631132029,7259.18315624339
1,256,1,4827.26298203074,5931.33069768829
1,257,1,6311.82071760571,6189.75630397572
1,258,1,6607.45567265441,6986.50225201189
1,259,1,5457.29629123618,3646.10791526973
1,260,1,4486.09964217823,4988.33980437412
1,261,1,6107.09459628365,7384.66429076851
1,262,1,4837.90758747432,8600.26463096262
1,263,1,4839.06625494236,3819.08248634
1,264,1,5474.15514925316,4217.67096958728
1,265,1,5553.4843835384,3939.18893737462
1,266,1,5713.79674380004,7675.23196832958
1,267,1,4689.96839792007,5266.33374870368
1,268,1,6207.94695572138,6237.32662812704
1,269,1,5549.4255189122,3075.67972406574
1,270,1,6058.4803921383,5160.68296928746
1,271,1,6209.61053716018,3855.327920527
1,272,1,5651.13426200354,7610.67529167335
1,273,1,5913.64770833832,7538.42002423964
1,274,1,6588.31035731916,7137.04850745464
1,275,1,4801.5939419943,6756.79392710157
1,276,1,5618.02822976845,6301.44020860896
1,277,1,6161.58374497319,5533.40755651131
1,278,1,5455.27498577222,4000.68568464327
1,279,1,4030.05714848627,4768.389607694
1,280,1,5764.19363585932,5734.01416300687
1,281,1,5945.33805042767,7792.28121694409
1,282,1,5221.77940728486,6643.45374999933
1,283,1,5561.12496627941,4944.25468369052
1,284,1,6999.83183191418,8489.2891851718
1,285,1,4597.83086788085,3198.47809184995
1,286,1,5799.98390219607,3921.71255817537
1,287,1,6996.54316314787,3758.3171962591
1,288,1,4313.42360074668,4315.60787150361
1,289,1,6696.13640072756,5463.65759084013
1,290,1,5897.6866528107,6484.26504670984
1,291,1,5646.63775151456,7876.68246034752
1,292,1,5652.76841772925,5244.85377147155
1,293,1,5705.80427377273,6048.44688876055
1,294,1,6689.59740801712,4767.9378546758
1,295,1,6691.32576367849,6396.25247901354
1,296,1,7046.15897079829,5356.82376274093
1,297,1,7086.00417061096,7486.18633666261
1,298,1,6645.44493106874,4227.1992636373
1,299,1,5859.90733953938,7182.92883804484
1,300,1,6992.07512502611,6676.35626623691
1,301,1,6159.00957298244,6564.75424541411
1,302,1,6589.70153930285,8467.94293430636
1,303,1,5790.39848763046,6308.70526721519
1,304,1,5080.18875444667,7840.62718140786
1,305,1,6363.13339159206,5477.0916924287
1,306,1,6806.79994930531,5296.61154076545
1,307,1,5795.47962180812,6596.12761349253
1,308,1,6650.07854948655,5601.08942413347
1,309,1,6204.88172346189,3739.21501249344
1,310,1,5596.12960120705,5081.22746806812
1,311,1,5691.58206403493,8527.30890776829
1,312,1,5770.04551385052,3673.63112011893
1,313,1,5211.48282977881,7992.42205847514
1,314,1,5610.64087189193,4716.07832761564
1,315,1,6224.15478582316,4249.1684266656
1,316,1,6769.73098907809,3201.35170446362
1,317,1,6470.68253950957,4882.75698248934
1,318,1,5883.49676151926,5470.55356719215
1,319,1,6742.05523656754,7727.01838239463
1,320,1,6482.72534126904,6662.33321884707
1,321,1,5520.29527004291,3053.65481655357
1,322,1,6320.27541520951,4840.81995803464
1,323,1,6418.08041164751,6060.89886848283
1,324,1,6066.19038528981,7275.66564661916
1,325,1,6503.96373583468,5874.47939410168
1,326,1,6559.04092199731,6301.54603604617
1,327,1,5698.38803474939,5567.73862553841
1,328,1,6009.82216037766,6138.15505865505
1,329,1,6637.48399304894,6226.7197091706
1,330,1,5641.60292310869,3299.48224864156
1,331,1,6596.66657993309,4175.76238900819
1,332,1,6371.32747694877,6256.28395490884
1,333,1,6324.64390985179,4655.26544416005
1,334,1,6280.9258731017,4600.20429416082
1,335,1,7147.84965230762,7191.88685388273
1,336,1,5914.7197025229,5420.8255491279
1,337,1,6867.26644956008,5517.38257106835
1,338,1,6584.02066367457,5646.21070813463
1,339,1,5522.63677623904,4536.87973026767
1,340,1,4057.74892735727,7227.68398313683
1,341,1,5976.54550838014,4313.33479533133
1,342,1,5611.79118478283,5961.61793167426
1,343,1,6944.48160690464,3000.0266833756
1,344,1,6002.63094501215,3466.53044801045
1,345,1,7114.56637849819,3627.00249417323
1,346,1,5913.37303246769,8523.68194873712
1,347,1,4791.07308211241,4251.00031727428
1,348,1,6406.12755602825,4946.80462175064
1,349,1,6579.25226731497,3855.01670951095
1,350,1,5544.46529991245,6178.98981251768
1,351,1,6023.23382651459,4092.98865909912
1,352,1,6285.92696188561,3575.50168173131
1,353,1,4671.54924059686,5416.98010716544
1,354,1,7022.01970523431,5081.50482799527
1,355,1,5196.80323283901,4041.90260361838
1,356,1,6004.24987163955,6473.32841036508
1,357,1,6569.40034849561,5464.58132770147
1,358,1,6613.8401110392,7727.41204176308
1,359,1,5135.32256551435,8807.24838830793
1,360,1,6555.29186812384,3661.90696859109
1,361,1,7559.30331313511,6212.22118104632
1,362,1,5106.7060696047,7307.20447128997
1,363,1,6345.78587527846,7581.53950626637
1,364,1,5460.38097842839,5922.17880021408
1,365,1,7285.86673711707,6389.10736072947
1,366,1,5271.94540961915,3789.87769955155
1,367,1,5793.87809112997,7041.62379918237
1,368,1,4173.29394395152,5506.84721577011
1,369,1,5866.0421710369,3737.83424077104
1,370,1,4813.3629969408,8189.64112540817
1,371,1,5481.78765137999,7797.06879219037
1,372,1,5715.00845293025,4856.63445589389
1,373,1,5215.84854345985,3385.07184767716
1,374,1,4620.2270994265,5701.4286795419
1,375,1,5387.5200543157,6777.19809799514
1,376,1,5863.82135267154,3375.76782269402
1,377,1,5898.62237712564,6423.31868553052
1,378,1,5541.59558724008,5874.95393519971
1,379,1,7189.93832785019,7158.78950814608
1,380,1,5748.42384172895,7726.65227584646
1,381,1,5896.66138703932,8900.86693694578
1,382,1,6914.96600685545,4495.31560166395
1,383,1,5848.31220777969,4303.95691251338
1,384,1,5465.0377161984,4376.79252349542
1,385,1,7683.05338176708,3374.12260852533
1,386,1,5494.27134506135,4561.14395831869
1,387,1,6312.46627609773,3292.82603757612
1,388,1,5905.5869842601,5468.31113441581
1,389,1,6557.65286630944,6555.37249160307
1,390,1,6677.98530559987,8365.28025200789
1,391,1,5782.8586270531,4699.05959956899
1,392,1,6728.03565960307,5315.49879466936
1,393,1,4488.93799108318,3672.51963675265
1,394,1,6138.16083309832,5000.15676855599
1,395,1,7302.55101470122,5573.77845881821
1,396,1,5959.59161397526,8984.58652861489
1,397,1,7223.71886463461,6093.57245052084
1,398,1,6673.05656102999,6614.08883030636
1,399,1,6277.77645863643,7764.8779399694
1,400,1,6189.25575654089,3183.22147098865
1,401,1,5464.87741506008,8284.21273766039
1,402,1,6719.38497150223,3501.72546214177
1,403,1,6205.78455064364,7599.33086795472
1,404,1,5865.73783122044,3680.49874585421
1,405,1,7244.35921783607,8292.87544070991
1,406,1,6124.14220953995,3519.41383633512
1,407,1,4040.94749651277,3142.64473473355
1,408,1,6992.73860413933,5083.6509167767
1,409,1,6307.78137341877,6537.15450843241
1,410,1,5161.34560871307,4500.8972378596
1,411,1,6175.29044159823,6053.98445259947
1,412,1,6375.33317742421,3507.38866254268
1,413,1,6688.98986613016,4128.17753862519
1,414,1,5101.54019280741,4563.68755856194
1,415,1,4368.61018110527,5543.92646203353
1,416,1,6146.02692019767,6642.28379736014
1,417,1,6176.08488932901,5063.06232524979
1,418,1,5931.40480064755,5062.96775860985
1,419,1,5554.50841947454,5090.83018800612
1,420,1,6053.02436546855,4304.39684732752
1,421,1,4249.51990723147,6894.60816466321
1,422,1,7070.71830522818,4434.83463567994
1,423,1,5334.27581602682,3957.08703507942
1,424,1,6182.40202057359,5192.48672975146
1,425,1,5594.9019211935,3732.19875810466
1,426,1,4280.59205782833,8776.60220040882
1,427,1,5438.08680278235,3517.57004486643
1,428,1,5337.46203953465,5530.38743419061
1,429,1,6140.30759708125,5844.20237319983
1,430,1,5831.41244266915,3665.16093577231
1,431,1,6211.35755159499,5914.46801842925
1,432,1,5742.00730251246,3963.90982799679
1,433,1,6005.36710205112,7100.75062313841
1,434,1,7034.93201358728,7698.51415450648
1,435,1,6359.86553859673,4213.33977184272
1,436,1,5055.10529094754,4353.15213906532
1,437,1,7410.3444267525,4594.01061728286
1,438,1,4978.93543582163,5218.74068997736
1,439,1,5216.0264476698,8214.79376188319
1,440,1,6388.22336891306,3666.78137134936
1,441,1,6170.96133783501,5644.66285841236
1,442,1,5131.1454843794,4784.9164761838
1,443,1,6107.00864667782,4037.13884721817
1,444,1,6528.1979987072,4129.19558240855
1,445,1,7149.49118458977,6665.53730878866
1,446,1,4981.15005676848,5691.04995291996
1,447,1,6024.78367071043,5010.71908618676
1,448,1,5474.31885235002,4843.11281333466
1,449,1,5724.71474604585,4905.2347673207
1,450,1,7106.05896440971,3920.77053814636
1,451,1,6874.31123905704,4980.39863321368
1,452,1,6143.91213645379,3262.47085949169
1,453,1,6991.13933224607,3917.51817828276
1,454,1,6085.83026772042,3852.89268822267
1,455,1,6617.64929322294,4960.70547445578
1,456,1,7551.76588879374,4146.91574900537
1,457,1,5368.8411084776,8190.11253375728
1,458,1,6903.33818191735,6950.1538642449
1,459,1,6154.91767924728,3367.17543636407
1,460,1,6576.13818381921,5714.47098985259
1,461,1,6952.47481148507,3937.29908766139
1,462,1,5592.36025357466,7780.34010759797
1,463,1,7018.0453802788,7056.11119227952
1,464,1,4993.60188724461,4613.95578712934
1,465,1,6299.86290465372,8751.61629170623
1,466,1,5779.98545560256,3274.96009534461
1,467,1,4309.72237316493,7465.70962643182
1,468,1,6152.04418946251,5587.63487106917
1,469,1,6067.96002574226,8080.92741240785
1,470,1,6764.82068185074,6161.78356193429
1,471,1,5538.12145885385,6615.70257347439
1,472,1,6439.15413189574,5236.79906099587
1,473,1,5306.70004693631,8330.84164577433
1,474,1,5878.11955336569,4679.24485644999
1,475,1,5167.29662247989,6102.63642961361
1,476,1,7581.55415444927,8653.34949757553
1,477,1,5819.70279560589,3687.52007835423
1,478,1,7435.92540163543,5137.80907164357
1,479,1,6336.9414965275,7027.15888297806
1,480,1,5495.0482873952,6969.30122365285
1,481,1,5532.55835640217,6247.2507418864
1,482,1,4389.34508224082,5527.82344327938
1,483,1,5285.14150007399,4598.16759043842
1,484,1,7014.02909458703,3884.99568742439
1,485,1,7343.27099327313,8759.9552402363
1,486,1,5908.34899086607,3845.50338785825
1,487,1,6167.54660054615,3732.26256195138
1,488,1,5258.69783524234,5761.47599123602
1,489,1,5767.92924158517,7104.28934642787
1,490,1,4970.06488537495,5410.3689022074
1,491,1,6757.06791456088,7281.33566375299
1,492,1,6486.35477587911,3216.342093291
1,493,1,5649.59613125812,4616.87829756008
1,494,1,5338.91455887617,5928.88341293893
1,495,1,6809.68694987668,5588.35864953719
1,496,1,5558.4949380192,3692.18433470576
1,497,1,6409.73645969084,6761.12485466349
1,498,1,6148.42681682135,3387.3472077932
1,499,1,6112.2638296743,4126.4270933228
1,500,1,4473.67282655166,7391.46552182427
1,501,1,5112.87062567655,6543.82672679655
1,502,1,5803.1302662717,6388.55364633164
1,503,1,7118.71758601856,5012.6541632776
1,504,1,4906.70809002802,4091.17264398483
1,505,1,6948.32956056232,4990.33536868198
1,506,1,6367.07001379384,5540.33527894623
1,507,1,5820.97636441154,5000.3042376036
1,508,1,5756.45179772816,7757.62564359575
1,509,1,7341.76715668339,7063.38949245198
1,510,1,5467.93625833541,7629.77261690469
1,511,1,7165.75589775012,6104.15546672977
1,512,1,6595.7829867359,4634.67389970867
1,513,1,7300.39960001682,6582.10533886619
1,514,1,7015.11350026665,7501.12192977801
1,515,1,6791.80997977881,4701.68157140983
1,516,1,4450.86419202639,5205.30619287528
1,517,1,5544.53807085569,6692.1078549373
1,518,1,5535.54537830331,6150.66904627254
1,519,1,7448.52373032004,8111.8735128259
1,520,1,5876.60527045264,4662.62405129149
1,521,1,7028.85406487509,5703.27403204655
1,522,1,6592.6356546069,8202.53542183947
1,523,1,6023.49796117422,5592.66708670396
1,524,1,6447.13305507299,7037.94387750802
1,525,1,5405.16686603354,3398.27139674723
1,526,1,5244.58679216837,4306.69067097196
1,527,1,6403.41217328141,6237.46610443318
1,528,1,6225.60966644903,7267.62332338236
1,529,1,5437.88278653128,7235.66172760853
1,530,1,6058.76976537934,7142.06140960301
1,531,1,5412.08300480702,7042.12285164944
1,532,1,5013.51973597109,5078.3171811224
1,533,1,6618.62527898933,6253.39276876306
1,534,1,5186.43579596674,4400.63973995459
1,535,1,6749.88016272098,8517.01044896766
1,536,1,4882.74917858309,4098.86002497709
1,537,1,5897.05765092616,5011.29687463597
1,538,1,5914.21008506911,8350.39119770731
1,539,1,4983.75503236548,6430.71878887013
1,540,1,7265.95084706793,3335.02142964411
1,541,1,6508.29772359676,5697.95534986785
1,542,1,5821.15631622254,7269.245253547
1,543,1,6303.76894025882,4109.67523963604
1,544,1,5951.2869422058,8051.6991106636
1,545,1,5240.8256936138,4070.64667037748
1,546,1,6680.40277694193,5077.34465296481
1,547,1,4365.63076603521,5808.0637191495
1,548,1,4710.00791801056,5332.90758696471
1,549,1,6260.36596562859,3966.49250689426
1,550,1,6355.5920546724,4514.19322035875
1,551,1,6976.32731508026,5094.86777455064
1,552,1,7013.70573896415,6551.41024636346
1,553,1,5068.55187338862,6285.30132563288
1,554,1,6636.74076332971,4704.41560527451
1,555,1,7536.39990781661,5097.27331351846
1,556,1,6321.55141819346,3039.43853163456
1,557,1,6007.57404823452,3578.36389269027
1,558,1,6436.29414026927,3153.16875138296
1,559,1,5697.48486379702,7370.89437120378
1,560,1,6493.85820122325,7684.12062228453
1,561,1,6237.87747568859,4000.18989630926
1,562,1,6245.97280466484,3763.06868447846
1,563,1,6958.73112098595,5472.52013620474
1,564,1,6352.28031647934,3664.82055295161
1,565,1,5657.97930003426,3763.26060832135
1,566,1,6029.98033950447,7166.18473701105
1,567,1,6831.35057348067,7803.74142282491
1,568,1,5788.35070219393,4314.22537636845
1,569,1,5994.2612728961,6493.01693099289
1,570,1,4735.52165691464,6252.14039550642
1,571,1,6578.73328427762,5244.36434581919
1,572,1,4537.45260762615,4277.20897479163
1,573,1,5950.0842120865,3919.24464824989
1,574,1,5596.08463696952,5039.05411084654
1,575,1,4643.43116534535,5237.24764640868
1,576,1,6299.72131316561,6490.89301504893
1,577,1,7030.93534130412,4970.81620250009
1,578,1,5048.85758281411,5692.29248892369
1,579,1,6229.36522030359,7323.42561880654
1,580,1,6583.34557683923,3354.48635404712
1,581,1,7194.54715528254,5830.04745305534
1,582,1,5977.82085301424,3062.20297065963
1,583,1,6184.57044642549,6487.1479922212
1,584,1,5157.27128939536,6138.19820843694
1,585,1,6978.74571402677,3474.11042037309
1,586,1,5427.57257242269,6602.96193448571
1,587,1,5590.93474368598,3441.60765222571
1,588,1,5784.33108295302,6722.92362857494
1,589,1,6725.7968070282,3151.28634157994
1,590,1,4618.81552981856,6196.73416911047
1,591,1,5315.64845657917,7955.46426079641
1,592,1,4727.59360410321,4571.43621640299
1,593,1,6247.67561551761,6590.22662513136
1,594,1,6489.620031356,4346.98445633892
1,595,1,6378.78874095637,3190.15545526079
1,596,1,5477.0812717046,8846.51833224876
1,597,1,6816.70107501641,3225.73063272439
1,598,1,5209.19647072553,5663.082807334
1,599,1,5401.23474247499,5948.25422735806
1,600,1,6205.0994227085,6441.1204539492
1,601,1,6069.64595978459,4852.11967864548
1,602,1,6564.6331257036,8308.08602432019
1,603,1,5676.20070437516,4420.74850641784
1,604,1,5984.77695753814,8416.12484494915
1,605,1,6422.81851134339,4958.38162295336
1,606,1,7191.75300213883,3720.33099931222
1,607,1,5492.04543113847,4561.67911166702
1,608,1,5226.69038625456,3574.94084168338
1,609,1,6300.99329763472,5319.89890966234
1,610,1,4901.60374140643,7289.40628613099
1,611,1,6528.41301180512,4559.59491649989
1,612,1,6065.72817142705,4530.41696455119
1,613,1,6277.39399426265,4717.70306909784
1,614,1,5449.58002757595,5047.85974347097
1,615,1,5726.10547122858,5285.66295973279
1,616,1,5660.13047363529,7092.59501106314
1,617,1,7788.12939267969,4211.35077303524
1,618,1,4927.1007618254,4177.89518855419
1,619,1,6066.24119551658,3195.30519464993
1,620,1,4835.67148311477,7597.44503723943
1,621,1,5549.61667064423,6941.65803587368
1,622,1,6268.35770327385,5136.72145481041
1,623,1,4400.85815050326,5341.99888885171
1,624,1,5723.25711867815,7467.62283752713
1,625,1,5513.14565750263,4942.922353734
1,626,1,5028.42595562154,4833.3831200581
1,627,1,4798.97944219438,4671.61909350127
1,628,1,5899.5729882877,3630.82224158439
1,629,1,4947.95215594512,5152.20560223408
1,630,1,5789.5344190365,7710.68840007283
1,631,1,5037.27691809594,6786.37384770268
1,632,1,6040.0905963125,6881.69578507298
1,633,1,6272.43293350603,8781.42378705146
1,634,1,6277.73377749269,5452.41021978992
1,635,1,5173.94575505266,3059.99442417771
1,636,1,4855.10365781304,6711.55003929481
1,637,1,5478.20167769781,4627.4475949031
1,638,1,6402.17705435144,4009.91026462187
1,639,1,4149.75368439495,7011.14036049169
1,640,1,4921.18854304945,7105.86405541125
1,641,1,6231.14183504242,6409.16721577595
1,642,1,5572.51813775481,6948.60284266622
1,643,1,5682.48440774733,8133.88691849567
1,644,1,6680.53424092229,6600.07627310004
1,645,1,5262.25623552756,3780.62386159129
1,646,1,6823.77736727906,3967.44457243275
1,647,1,5734.72220657269,4907.61141599424
1,648,1,4675.74452964881,5716.12782261591
1,649,1,7885.06210857028,5018.47434099015
1,650,1,6637.05421456799,8578.4202370163
1,651,1,5661.03454125209,7694.19389750132
1,652,1,5785.84767055964,4606.49257497861
1,653,1,6401.99199723478,5001.37395885584
1,654,1,6553.78359553104,3661.53520956098
1,655,1,6024.3958341717,3207.84288003196
1,656,1,5686.98862710386,5063.21653880707
1,657,1,5548.8480708134,6650.75544456282
1,658,1,7002.06245941681,5167.27525944545
1,659,1,5555.45483451924,4076.66853715601
1,660,1,7352.12910813294,4165.53121921034
1,661,1,6169.02107844635,4602.71218655018
1,662,1,6036.6873098371,5650.09620051308
1,663,1,4298.70647918719,3740.05232096319
1,664,1,6257.97932506185,5023.81678724335
1,665,1,6903.52040234045,4200.03201532701
1,666,1,6087.35732435641,6507.50655129036
1,667,1,5473.65360280232,3924.82357740649
1,668,1,4325.80393865328,3627.45250728179
1,669,1,6159.26795453232,3155.38118711411
1,670,1,5447.24872421398,6075.98160380958
1,671,1,6443.25815444103,7280.13395610351
1,672,1,5365.4715491806,6046.18535262539
1,673,1,6892.62846008475,4915.64447334092
1,674,1,5161.00117059265,4463.89190063235
1,675,1,7762.44736125696,7959.94909479964
1,676,1,5624.78268398685,7533.42049779749
1,677,1,6335.10916239505,4780.60291304355
1,678,1,6074.0333988832,7717.05105663569
1,679,1,5907.37670660974,4794.42597588299
1,680,1,5408.19187200301,5437.95243640096
1,681,1,6095.49154719757,3471.22762107507
1,682,1,7601.30653898726,5700.4435406466
1,683,1,6457.70169203492,5167.99434686901
1,684,1,4975.79638739557,5675.00689000367
1,685,1,4972.21847717115,5382.45265241047
1,686,1,5800.3491544489,5315.39266717512
1,687,1,6163.94989833592,4194.26814304515
1,688,1,4192.15817297117,7646.06968965554
1,689,1,5150.99342360341,4354.16657499437
1,690,1,6340.43633738844,4872.89391483796
1,691,1,6004.62325218268,4734.67576297581
1,692,1,7099.5996531418,7221.2594179285
1,693,1,6013.50504894445,4992.02818263065
1,694,1,5899.59287808098,6419.31344860792
1,695,1,6860.41564951312,4692.21022308488
1,696,1,6689.49432016005,7641.42773766358
1,697,1,5901.47092021457,3916.64789332058
1,698,1,5210.26478460165,6234.53754308838
1,699,1,6040.10185846817,5038.85870350703
1,700,1,4085.37519235813,7256.0602328736
1,701,1,5393.63710998787,3964.22800168219
1,702,1,6458.27420229324,6493.69387765121
1,703,1,7149.10048293579,7054.58738445787
1,704,1,6085.10120407156,3494.41609689888
1,705,1,5337.9603700533,3015.76122797162
1,706,1,5471.99886475871,7072.96435717662
1,707,1,4868.52847580548,3108.82220408555
1,708,1,6059.03405914499,5932.63649296194
1,709,1,5847.63560790152,4273.74253019088
1,710,1,7116.48189433238,4093.36429796327
1,711,1,6538.58843098651,6316.46990032455
1,712,1,5438.35321524344,4024.44546723218
1,713,1,5577.81768828831,7242.91575386967
1,714,1,5081.97228775486,6199.42507178321
1,715,1,5721.36230421129,7102.62156460697
1,716,1,5189.94738955449,4957.94564432334
1,717,1,6991.55509429805,3750.89237528897
1,718,1,6551.61977705042,4252.96955333497
1,719,1,6592.38053995981,6775.0933522902
1,720,1,4127.55387006483,3582.80761870869
1,721,1,5231.12907816557,6835.72491816014
1,722,1,7689.1515840075,7068.83828543884
1,723,1,5834.57995807516,4790.38930807485
1,724,1,6684.37668981684,4597.290207336
1,725,1,5559.64297399589,6146.29084904537
1,726,1,6569.83703649591,4370.32207314835
1,727,1,6722.39846500609,3002.78293567166
1,728,1,6919.30927746678,4656.36004996827
1,729,1,6411.22780365394,3009.42721523216
1,730,1,4172.9497514781,7294.98063608286
1,731,1,6490.55057801639,4243.62127104878
1,732,1,4989.53427869583,5091.12305123733
1,733,1,4964.36163935215,8778.30360060285
1,734,1,5366.59916620308,4084.85971507142
1,735,1,5631.11958395958,6572.30812917852
1,736,1,7332.07609644975,4154.46736878576
1,737,1,5464.89340046317,6956.80228019429
1,738,1,6324.40357868858,6364.82466845784
1,739,1,5951.22675458543,4828.87702702432
1,740,1,5659.9585652904,3886.76439804449
1,741,1,5819.2077586288,5639.46133531896
1,742,1,6321.58533460589,4921.75264176495
1,743,1,5721.18969292613,7605.03264215811
1,744,1,5541.7954869085,4305.57219365762
1,745,1,6038.57834267128,3649.56387380186
1,746,1,6058.48717878942,4913.94482031572
1,747,1,6305.76770614829,4183.794515743
1,748,1,5752.17141843569,5159.6873316509
1,749,1,6278.84378881677,6134.77469038752
1,750,1,6487.40802816066,7560.03517720348
1,751,1,6743.54945128366,3721.78045310947
1,752,1,6104.74512086242,5837.76867769364
1,753,1,6448.56602816283,8470.17106542349
1,754,1,4875.66964493604,5676.17594617788
1,755,1,5674.99742704376,3634.71572640121
1,756,1,6378.50294630377,7661.15835384981
1,757,1,5789.32902311628,4189.66532342134
1,758,1,7324.88437733712,4248.89958242858
1,759,1,7668.58283635009,4007.58773541762
1,760,1,7151.81371303863,6152.73754077102
1,761,1,6269.48487014812,5219.64635882978
1,762,1,5365.21932905944,7442.82242714581
1,763,1,5885.25014855081,3723.57954471444
1,764,1,7223.69365975471,5402.49811393799
1,765,1,6071.81483839029,8716.17349604404
1,766,1,4064.76837049952,5308.87211090847
1,767,1,6453.84987881299,6254.10636084062
1,768,1,6840.95353139434,5065.05669548734
1,769,1,7107.03531356377,3708.86499775754
1,770,1,4974.10976580776,4675.10483593673
1,771,1,5270.92173334484,3655.85212524665
1,772,1,5580.28763559423,4121.49372751717
1,773,1,4632.9131344524,5894.64670464855
1,774,1,6745.99298375164,5303.92110129416
1,775,1,6882.45169310029,4817.48251253597
1,776,1,7226.41085385219,4830.48710060325
1,777,1,5401.55443840931,8655.74831843719
1,778,1,5466.20732865306,4363.92096935006
1,779,1,5297.38479747379,3388.04868210602
1,780,1,6460.76655628122,6174.36989339627
1,781,1,6064.47216045994,5101.86865849631
1,782,1,4602.43906524754,4530.53389831004
1,783,1,5990.16131942424,6006.05335574355
1,784,1,4972.93345317601,8051.89782409464
1,785,1,6442.46555122111,3132.27520647853
1,786,1,4535.21985803555,4667.04012761422
1,787,1,5649.41427065763,7341.18070869979
1,788,1,6310.77730813233,6780.19567695708
1,789,1,5438.62450674418,5983.80085939937
1,790,1,5113.59381557744,4054.35169413027
1,791,1,5254.66262185055,4795.17344815272
1,792,1,4744.61607938374,3665.54971167115
1,793,1,6241.2700383213,6635.1473350172
1,794,1,6719.93317256478,6547.04686483291
1,795,1,5882.48865900503,5518.50883424088
1,796,1,5324.19776667014,7377.65124226976
1,797,1,4886.28867670672,6614.55274168941
1,798,1,5802.45923952243,6418.09648281244
1,799,1,5742.66157492285,5051.53287476715
1,800,1,7324.43377111317,3329.01811540895
1,801,1,6652.53983753388,5268.48952373006
1,802,1,5620.32124612109,4607.33707735191
1,803,1,6189.67868475899,4744.88760542832
1,804,1,7732.40431182706,5912.88001274443
1,805,1,5653.6296576037,4396.06790099957
1,806,1,5998.18510575343,3246.34090406916
1,807,1,4382.30590399157,3806.44602025978
1,808,1,6147.54027187089,6129.71701390496
1,809,1,7292.52296901066,3012.63377411353
1,810,1,7044.99485927272,5966.19795825372
1,811,1,6714.98850764615,3315.46598106164
1,812,1,4539.32990138435,3702.78255923279
1,813,1,5310.57653634563,4912.10084441465
1,814,1,6964.38039821346,6325.93548056618
1,815,1,4123.12170667356,4978.8894936086
1,816,1,6110.6724319951,3940.66228894269
1,817,1,6221.1374649715,3085.28943550748
1,818,1,5642.34955520549,3978.83345655191
1,819,1,7016.24663547374,6136.06329194812
1,820,1,5881.26955752603,5225.85833312093
1,821,1,6825.1166503641,5179.403979888
1,822,1,4781.90898168253,3349.32330256376
1,823,1,5396.5820877288,4728.02603984085
1,824,1,6240.26100078341,4110.06749779735
1,825,1,5701.92914607384,5953.17291404812
1,826,1,6073.78688459119,6919.43307628191
1,827,1,5039.23848036284,5196.9591038102
1,828,1,6702.70560666491,3970.16943637866
1,829,1,6616.04324929054,3674.74643813204
1,830,1,6563.37604591633,5154.60346392514
1,831,1,6345.77412446375,5354.63784994866
1,832,1,4806.34864784584,3105.88124906439
1,833,1,6278.9779415761,4846.64722654673
1,834,1,6472.66151862838,3221.86625845803
1,835,1,6729.95143841803,4441.2894709444
1,836,1,6384.11809155587,6389.77297013051
1,837,1,6485.35926616415,3262.03033888714
1,838,1,6286.36639882311,6669.61971621089
1,839,1,6735.14313594251,5322.22085215922
1,840,1,6233.56404007678,4847.30198645293
1,841,1,5719.02138123748,6874.55577547317
1,842,1,7108.07076643433,4387.88173776271
1,843,1,6214.20715859143,6574.73567145135
1,844,1,4237.21493420761,4846.73124118109
1,845,1,4647.40165548348,6747.61799711296
1,846,1,7320.75508739498,3792.27744886749
1,847,1,5794.98149347473,4787.05664044206
1,848,1,5290.05005918573,4803.56248721762
1,849,1,6876.13059099408,4300.49550172034
1,850,1,6063.78213307193,6565.34934983683
1,851,1,6887.4449592606,6741.48978272961
1,852,1,5519.19367447917,5823.08342591158
1,853,1,5622.30921209638,4935.59870508246
1,854,1,6035.48991208395,5142.19444040466
1,855,1,5513.31213573149,4039.49070428857
1,856,1,6883.60785755543,6060.30722038681
1,857,1,5565.47819378825,8703.17539409173
1,858,1,6509.54174765903,6276.75983349398
1,859,1,7305.24341036247,3540.92545763943
1,860,1,4790.2509718266,6483.79508464006
1,861,1,5960.89616832117,4878.57473759931
1,862,1,6426.78546167421,7052.3058627719
1,863,1,5585.90105099879,5150.57421105149
1,864,1,5732.62873378985,3895.67230424846
1,865,1,5792.5088225912,8720.74576999334
1,866,1,6569.19362919168,6196.18476542918
1,867,1,6277.99890800046,4010.71457171828
1,868,1,4398.90808109078,6243.21463330923
1,869,1,5447.97010407347,7869.95259409206
1,870,1,5519.77546618131,7399.82927153173
1,871,1,5512.15331404607,3519.39909910406
1,872,1,6223.8597864723,4319.45212516858
1,873,1,5827.91833985014,4090.0235872884
1,874,1,5962.55410792565,8213.93661797345
1,875,1,4601.11699954681,3856.02790281366
1,876,1,5678.43591042254,8613.30724800765
1,877,1,6533.60547979541,7746.23383807008
1,878,1,5843.34135468674,5368.27083519637
1,879,1,5610.57067081785,7813.28304619094
1,880,1,4644.73028711895,7229.21676651152
1,881,1,4203.93260556507,5879.86931523348
1,882,1,6091.39187130917,4980.17325092774
1,883,1,5883.9480800431,3458.02705625927
1,884,1,7534.08588727812,6836.09412654129
1,885,1,6165.34732209058,5580.28871898012
1,886,1,6164.52227661506,3109.17408362322
1,887,1,6447.09427089928,4166.48427233606
1,888,1,5779.05118968738,4621.02478835107
1,889,1,6605.40972976695,5593.95927101412
1,890,1,6097.79981900261,4751.78639718611
1,891,1,6502.43856677089,6901.00802846396
1,892,1,5522.61481443878,8408.5646532869
1,893,1,6443.67368595584,6968.69119993031
1,894,1,6074.071489538,6892.62797255421
1,895,1,6479.46836706738,3199.52325059804
1,896,1,5980.70154151594,6466.84538773016
1,897,1,6285.54723672626,4338.84939419832
1,898,1,6477.74325479658,4505.38576075607
1,899,1,5349.95604991689,3442.87550547179
1,900,1,6343.31675272413,4263.42980483815
1,901,1,5519.99337444726,5972.33482738056
1,902,1,5817.48911670722,7641.92561743063
1,903,1,6794.52121685781,3323.07873002534
1,904,1,5236.7906528919,3582.70459438404
1,905,1,6983.07107334345,5372.02484844389
1,906,1,6859.04131014285,3070.62747642799
1,907,1,4483.33200678078,5181.14856167238
1,908,1,5751.69568870677,4469.69006794802
1,909,1,5342.63562447384,4406.50633857089
1,910,1,6223.89610792163,3426.18936959597
1,911,1,6031.77705726549,5318.77672959821
1,912,1,5229.70882841793,5320.59488514098
1,913,1,7120.57779949003,3819.98335791844
1,914,1,5683.28150875169,7424.08758116871
1,915,1,6322.83035100468,4202.51390343162
1,916,1,5954.48279783483,3832.4966800216
1,917,1,7102.30061953469,7296.64153983639
1,918,1,6552.36137931936,6334.84466212102
1,919,1,5572.04018134346,4768.19085305263
1,920,1,6766.81788698228,4466.15249111306
1,921,1,6126.01071800189,5054.64871269378
1,922,1,5806.67009489392,6841.74179650432
1,923,1,5961.351736877,6732.14902817218
1,924,1,6720.09313509287,5587.50140427543
1,925,1,5766.97301075228,3108.42669767303
1,926,1,5398.03329250828,7601.68245716484
1,927,1,5613.87139045096,6574.93534163621
1,928,1,5074.13731000492,3162.73324820346
1,929,1,6561.8209749252,3428.14976701639
1,930,1,6690.43605548927,3591.9507487133
1,931,1,6750.91029713902,6279.36504818467
1,932,1,4566.96037529447,4429.5452358
1,933,1,4724.11189329791,5596.26268434543
1,934,1,5250.15291481881,4898.35648360043
1,935,1,5294.03057602139,4956.89331262381
1,936,1,6485.89825122156,3655.17316397547
1,937,1,7036.97490398325,6038.69442741201
1,938,1,6021.8615803367,3091.42005693025
1,939,1,6158.64546902689,5358.99095815078
1,940,1,7347.7830010606,6025.23774001638
1,941,1,6743.0471654564,7467.95981781069
1,942,1,6832.16778796075,5765.61481445793
1,943,1,5465.56381977388,5007.75698467175
1,944,1,6855.43580163231,5404.01723507391
1,945,1,5528.80377864754,3684.75581206772
1,946,1,5663.25272265255,4376.71913317395
1,947,1,7326.92596304601,7112.27456566576
1,948,1,6600.8786419795,5392.46687379968
1,949,1,5299.67749303,7516.45946899614
1,950,1,5867.30041698413,4656.46078869952
1,951,1,6975.85770509533,5283.1889717047
1,952,1,6272.10332786195,5685.01753117676
1,953,1,6222.13672222716,5765.81140932684
1,954,1,5585.21702460235,8482.60901364663
1,955,1,6079.81500657842,3950.28280104243
1,956,1,5365.91390011384,3772.80717515781
1,957,1,6486.7939995273,8249.13021830491
1,958,1,5290.08805209891,4899.33488939246
1,959,1,6352.03071692336,3902.18612387089
1,960,1,6505.91744799549,4543.28841783216
1,961,1,5294.44647406891,5596.12264656286
1,962,1,4986.28527912255,8306.89490602788
1,963,1,6011.79047916172,7668.99823464477
1,964,1,6166.43278087006,6629.02594325491
1,965,1,6176.07075188885,8530.71433467109
1,966,1,5704.31587160388,4449.54531670274
1,967,1,5455.16784581997,4815.76760962075
1,968,1,6293.38431233903,4803.51549583165
1,969,1,5891.33663613891,3679.75949193546
1,970,1,7660.93541362794,6260.06646588084
1,971,1,5474.07002080251,4349.90794493724
1,972,1,5661.6419422104,3888.31148977202
1,973,1,6211.30941345021,4032.34768677488
1,974,1,5460.38552011394,4516.41038928828
1,975,1,5741.13979392004,5474.75781003304
1,976,1,5956.4584702151,4630.82210723955
1,977,1,5505.99975867574,8097.63168103443
1,978,1,5452.77377743597,5029.55992010012
1,979,1,5758.17215149793,6260.95524282563
1,980,1,5822.4969402276,4686.83081223627
1,981,1,6348.37733777931,5512.45065181812
1,982,1,5986.71278694713,3692.04337106052
1,983,1,6020.54703448433,5700.92253465108
1,984,1,5669.71204049705,5004.75077951432
1,985,1,6977.7076099173,6580.74017056539
1,986,1,5159.38325921031,8898.13767220654
1,987,1,4805.92443662258,4100.46726513199
1,988,1,5334.04871384508,3218.42266077374
1,989,1,7044.01924966964,4779.54168771291
1,990,1,5672.15479807496,4487.1069350049
1,991,1,5571.30608840727,7712.39855977768
1,992,1,7564.37235047169,6350.90798782607
1,993,1,7045.62882247001,3769.28587700255
1,994,1,4287.71985794067,6120.04889694304
1,995,1,6511.69122418027,5469.852229558
1,996,1,4997.7611957306,5946.04753365778
1,997,1,6786.32138003539,7140.93820175181
1,998,1,5931.18068220798,3873.37702153618
1,999,1,6020.54561532744,3370.67143549689
1,1000,1,6611.44484278215,6560.27523384272
